{
  "value": {
    "mean": 18.939591263650545,
    "std": 2.84453849762983
  },
  "daily_change": {
    "mean": -0.010726989079563149,
    "std": 0.8718957006204826
  },
  "settlement": {
    "mean": -0.5288073322932918,
    "std": 1.5980370466139284
  }
}