{
  "MAE": 0.32909979940030804,
  "RMSE": 0.45329775486961826,
  "MAPE": 47.62428028950733
}