{
  "MAE": 0.9690378007572888,
  "RMSE": 1.1693821818897479,
  "MAPE": 127.93507658708376
}