{
  "MAE": 0.3381283107345459,
  "RMSE": 0.44519403582378847,
  "MAPE": 39.86199918613913
}