{
  "MAE": 0.10286488675828145,
  "RMSE": 0.3159412516183666,
  "MAPE": 0.4533107505049827
}